Familia profesional;Código cualificación;Nombre cualificación;Nivel;Previsión 2025;Certificado profesional asociado;Ciclo formativo - Grado D;;;;;;
Actividades Físicas y Deportivas;AFD500_1;Operaciones  auxiliares en la organización de actividades y funcionamiento de instalaciones deportivas;1;En preparación;AFDA0511 Operaciones  auxiliares en la organización de actividades y funcionamiento de instalaciones deportivas;Técnico Básico en Acceso y Conservación en Instalaciones Deportivas;;;;;;
Actividades Físicas y Deportivas;AFD096_2;Socorrismo en instalaciones acuáticas;2;Activo;AFDP0109 Socorrismo en instalaciones acuáticas;Esta cualificación no está incluida en ningún título de grado D;;;;;;
Actividades Físicas y Deportivas;AFD159_2;Guía por itinerarios de baja y media montaña;2;Activo;AFDA0611 Guía por itinerarios de baja y media montaña;Técnico en Guía en el medio natural y de tiempo libre;;;;;;
Actividades Físicas y Deportivas;AFD160_2;Guía por itinerarios en bicicleta y vehículos de movilidad personal;2;En preparación;Esta cualificación no tiene ningún certificado profesional asociado;Técnico en Guía en el medio natural y de tiempo libre;;;;;;
Actividades Físicas y Deportivas;AFD340_2;Socorrismo en espacios acuáticos naturales;2;Activo;AFDP0209 Socorrismo en espacios acuáticos naturales;Técnico en Guía en el medio natural y de tiempo libre;;;;;;
Actividades Físicas y Deportivas;AFD097_3;Acondicionamiento físico en sala de entrenamiento polivalente;3;Activo;AFDA0210 Acondicionamiento físico en sala de entrenamiento polivalente;Técnico Superior en Acondicionamiento Físico;;;;;;
Actividades Físicas y Deportivas;AFD162_3;Acondicionamiento físico en grupo con soporte musical;3;En preparación;AFDA0110 Acondicionamiento físico en grupo con soporte musical;Técnico Superior en Acondicionamiento Físico / Técnico Superior en Enseñanza y Animación Sociodeportiva;;;;;;
Actividades Físicas y Deportivas;AFD341_3;Actividades de natación;3;Activo;AFDA0310 Actividades de natación;Esta cualificación no está incluida en ningún título de grado D;;;;;;
Actividades Físicas y Deportivas;AFD509_3;Animación físico-deportiva y recreativa;3;En preparación;AFDA0211 Animación físico-deportiva y recreativa;Técnico Superior en Enseñanza y Animación Sociodeportiva;;;;;;
Actividades Físicas y Deportivas;AFD510_3;Animación físico-deportiva y recreativa para personas con discapacidad;3;En preparación;AFDA0411 Animación físicodeportiva y recreativa para personas con discapacidad;Esta cualificación no está incluida en ningún título de grado D;;;;;;
Actividades Físicas y Deportivas;AFD511_3;Acondicionamiento físico en el medio acuático;3;En preparación;Esta cualificación no tiene ningún certificado profesional asociado;Técnico Superior en Acondicionamiento Físico;;;;;;
Actividades Físicas y Deportivas;AFD539_3;Coordinación de servicios de socorrismo en instalaciones y espacios naturales acuáticos;3;Activo;AFDP0211 Coordinación de servicios de socorrismo en instalaciones y espacios naturales acuáticos;Esta cualificación no está incluida en ningún título de grado D;;;;;;
Actividades Físicas y Deportivas;AFD616_3;Instrucción en yoga;3;En preparación;AFDA0311 Instrucción en yoga;Esta cualificación no está incluida en ningún título de grado D;;;;;;
Administración y Gestión;ADG305_1;Operaciones auxiliares de servicios administrativos y generales;1;Activo;ADGG0408 Operaciones auxiliares de servicios administrativos y generales;Técnico Básico en Servicios Administrativos;;;;;;
Administración y Gestión;ADG306_1;Operaciones de grabación y tratamiento de datos y documentos;1;Activo;ADGG0508 Operaciones de grabación y tratamiento de datos y documentos;Técnico Básico en Servicios Administrativos / Técnico Básico en Servicios Comerciales;;;;;;
Administración y Gestión;ADG307_2;Actividades administrativas de recepción y relación con el cliente;2;Activo;ADGG0208 Actividades administrativas en la relación con el cliente;Técnico en Gestión Administrativa;;;;;;
Administración y Gestión;ADG308_2;Actividades de gestión administrativa;2;Activo;ADGD0308 Actividades de gestión administrativa;Técnico en Gestión Administrativa;;;;;;
Administración y Gestión;ADG082_3;Gestión contable y de auditoría;3;Activo;ADGD0108 Gestión contable y gestión administrativa para auditoría;Técnico Superior en Administración y Finanzas;;;;;;
Administración y Gestión;ADG084_3;Administración de recursos humanos;3;Activo;ADGD0208 Gestión integrada de recursos humanos;Técnico Superior en Administración y Finanzas / Técnico Superior en Asistencia a la Dirección;;;;;;
Administración y Gestión;ADG157_3;Gestión financiera;3;Activo;ADGN0108 Financiación de empresas;Técnico Superior en Administración y Finanzas / Técnico Superior en Asistencia a la Dirección;;;;;;
Administración y Gestión;ADG309_3;Asistencia a la dirección;3;Activo;ADGG0108 Asistencia a la dirección;Técnico Superior en Asistencia a la Dirección;;;;;;
Administración y Gestión;ADG310_3;Asistencia documental y de gestión en despachos y oficinas;3;Activo;ADGG0308 Asistencia documental y de gestión en despachos y oficinas;Técnico Superior en Administración y Finanzas / Técnico Superior en Asistencia a la Dirección / Técnico Superior en Documentación y Administración Sanitarias;;;;;;
Administración y Gestión;ADG543_3;Asistencia en la gestión de los procedimientos tributarios;3;En preparación;ADGD0110 Asistencia en la gestión de los procedimientos tributarios;Esta cualificación no está incluida en ningún título de grado D;;;;;;
Administración y Gestión;ADG544_3;Creación y gestión de microempresas;3;En preparación;ADGD0210 Creación y gestión de microempresas;Esta cualificación no está incluida en ningún título de grado D;;;;;;
Agraria;AGA163_1;Actividades auxiliares en agricultura;1;Activo;AGAX0208 Actividades auxiliares en agricultura;Técnico Básico en Agro-jardinería y Composiciones Florales / Técnico Básico en Actividades Agropecuarias;;;;;;
Agraria;AGA164_1;Actividades auxiliares en viveros jardines y centros de jardinería;1;Activo;AGAO0108 Actividades auxiliares en viveros; jardines y centros de jardinería;Técnico Básico en Agro-jardinería y Composiciones Florales;;;;
Agraria;AGA224_1;Actividades auxiliares en ganadería;1;En preparación;AGAX0108 Actividades auxiliares en ganadería;Esta cualificación no está incluida en ningún título de grado D;;;;;;
Agraria;AGA342_1;Actividades auxiliares en floristería;1;Activo;AGAJ0108 Actividades auxiliares en floristería;Técnico Básico en Agro-jardinería y Composiciones Florales;;;;;;
Agraria;AGA398_1;Actividades auxiliares en aprovechamientos forestales;1;En preparación;AGAR0209 Actividades auxiliares en aprovechamientos forestales;Técnico Básico en Aprovechamientos Forestales;;;;;;
Agraria;AGA399_1;Actividades auxiliares en conservación y mejora de montes;1;En preparación;AGAR0309 Actividades auxiliares en conservación y mejora de montes;Técnico Básico en Aprovechamientos Forestales;;;;;;
Agraria;AGA002_2;Producción porcina intensiva;2;En preparación;AGAP0108 Producción porcina de reproducción y cría / AGAP0208 Producción porcina de recría y cebo;Técnico en Producción Agropecuaria;;;;;;
Agraria;AGA165_2;Cultivos herbáceos;2;En preparación;AGAC0108 Cultivos herbáceos;Técnico en Producción Agropecuaria;;;;;;
Agraria;AGA166_2;Cultivos leñosos;2;En preparación;AGAF0108 Fruticultura;Técnico en Producción Agropecuaria;;;;;;
Agraria;AGA167_2;Horticultura y floricultura;2;En preparación;AGAH0108 Horticultura y floricultura;Técnico en Producción Agropecuaria;;;;;;
Agraria;AGA168_2;Instalación y mantenimiento de jardines y zonas verdes;2;Activo;AGAO0208 Instalación y mantenimiento de jardines y zonas verdes;Técnico en Jardinería y Floristería;;;;;;
Agraria;AGA225_2;Agricultura ecológica;2;En preparación;AGAU0108 Agricultura ecológica;Técnico en Producción Agroecológica;;;;;;
Agraria;AGA227_2;Ganadería ecológica;2;En preparación;AGAN0108 Ganadería ecológica;Técnico en Producción Agroecológica;;;;;;
Agraria;AGA343_2;Aprovechamientos forestales;2;En preparación;AGAR0108 Aprovechamientos forestales;Técnico en Aprovechamiento y Conservación del Medio Natural;;;;;;
Agraria;AGA345_2;Repoblaciones forestales y tratamientos silvícolas;2;En preparación;AGAR0208 Repoblaciones forestales y tratamientos silvícolas;Técnico en Aprovechamiento y Conservación del Medio Natural;;;;;;
Agraria;AGA457_2;Actividades de floristería;2;Activo;AGAJ0110 Actividades de floristería;Técnico en Jardinería y Floristería;;;;;;
Agraria;AGA458_2;Mantenimiento y mejora del hábitat cinegético-piscícola;2;En preparación;AGAR0111 Mantenimiento y mejora del hábitat cinegético-piscícola;Técnico en Aprovechamiento y Conservación del Medio Natural;;;;;;
Agraria;AGA460_2;Producción de semillas y plantas en vivero;2;En preparación;AGAU0110 Producción de semillas y plantas en vivero;Técnico en Jardinería y Floristería / Técnico en Aprovechamiento y Aonservación del Medio Natural;;;;;;
Agraria;AGA546_2;Apicultura;2;En preparación;AGAN0211 Apicultura;Esta cualificación no está incluida en ningún título de grado D;;;;;;
Agraria;AGA624_2;Cuidados de animales salvajes de zoológicos y acuarios;2;En preparación;AGAN0312 Cuidados de animales salvajes; de zoológicos y acuarios;Esta cualificación no está incluida en ningún título de grado D;;;;
Agraria;AGA683_2;Producción intensiva de bovinos;2;En preparación;Esta cualificación no tiene ningún certificado profesional asociado;Técnico en Producción Agropecuaria;;;;;;
Agraria;AGA703_2;Producción avícola;2;En preparación;Esta cualificación no tiene ningún certificado profesional asociado;Técnico en Producción Agropecuaria;;;;;;
Agraria;AGA704_2;Producción cunícula;2;En preparación;Esta cualificación no tiene ningún certificado profesional asociado;Técnico en Producción Agropecuaria;;;;;;
Agraria;AGA003_3;Jardinería y restauración del paisaje;3;En preparación;AGAO0308 Jardinería y restauración del paisaje;Técnico Superior en Paisajismo y Medio Rural;;;;;;
Agraria;AGA169_3;Cría de caballos;3;En preparación;AGAN0208 Cría de caballos;Técnico Superior en Ganadería y Asistencia en Sanidad Animal;;;;;;
Agraria;AGA228_3;Gestión de repoblaciones forestales y de tratamientos silvícolas;3;En preparación;AGAR0109 Gestión de repoblaciones forestales y de tratamientos silvícolas;Técnico Superior en Gestión Forestal y del Medio Natural / Técnico Superior en Paisajismo y Medio Rural;;;;;;
Agraria;AGA346_3;Gestión de la instalación y mantenimiento de céspedes en campos deportivos;3;En preparación;AGAJ0308 Gestión de la instalación y mantenimiento de céspedes en campos deportivos;Técnico Superior en Paisajismo y Medio Rural;;;;;;
Agraria;AGA347_3;Gestión de la producción agrícola;3;En preparación;AGAU0208 Gestión de la producción agrícola;Técnico Superior en Paisajismo y Medio Rural;;;;;;
Agraria;AGA348_3;Gestión y mantenimiento de árboles y palmeras ornamentales;3;En preparación;AGAJ0109 Gestión y mantenimiento de árboles y palmeras ornamentales;Esta cualificación no está incluida en ningún título de grado D;;;;;;
Agraria;AGA461_3;Arte floral y gestión de las actividades de floristería;3;En preparación;AGAJ0208 Arte floral y gestión de las actividades de floristería;Esta cualificación no está incluida en ningún título de grado D;;;;;;
Agraria;AGA462_3;Gestión de aprovechamientos forestales;3;En preparación;AGAR0110 Gestión de aprovechamientos forestales;Técnico Superior en Gestión Forestal y del Medio Natural;;;;;;
Agraria;AGA464_3;Gestión de la producción de semillas y plantas en vivero;3;En preparación;AGAU0210 Gestión de la producción de semillas y plantas en vivero;Esta cualificación no está incluida en ningún título de grado D;;;;;;
Agraria;AGA465_3;Gestión de la producción ganadera;3;En preparación;AGAN0311 Gestión de la producción ganadera;Técnico Superior en Ganadería y Asistencia en Sanidad Animal;;;;;;
Agraria;AGA466_3 ;Gestión de los aprovechamientos cinegético-piscícolas;3;En preparación;Esta cualificación no tiene ningún certificado profesional asociado;Técnico Superior en Gestión Forestal y del Medio Natural;;;;;;
Agraria;AGA488_3;Asistencia a la atención clínica en centros veterinarios;3;Activo;Esta cualificación no tiene ningún certificado profesional asociado;Esta cualificación no está incluida en ningún título de grado D;;;;;;
Agraria;AGA625_3;Asistencia a la gestión y control sanitario de animales de granja y producción;3;En preparación;Esta cualificación no tiene ningún certificado profesional asociado;Técnico Superior en Ganadería y Asistencia en Sanidad Animal;;;;;;
Artes Gráficas;ARG072_2;Impresión en offset;2;En preparación;ARGI0109 Impresión en offset;Técnico en Impresión Gráfica;;;;;;
Artes Gráficas;ARG151_2;Impresión digital;2;En preparación;ARGI0209 Impresión digital;Técnico en Impresión Gráfica / Técnico en Preimpresión Digital;;;;;;
Artes Gráficas;ARG288_2;Imposición y obtención de la forma impresora;2;En preparación;Esta cualificación no tiene ningún certificado profesional asociado;Esta cualificación no está incluida en ningún título de grado D;;;;;;
Artes Gráficas;ARG291_2;Tratamiento y maquetación de elementos gráficos en preimpresión;2;En preparación;ARGP0110 Tratamiento y maquetación de elementos gráficos en preimpresión;Técnico en Preimpresión Digital;;;;;;
Artes Gráficas;ARG417_2;Impresión en flexografía;2;En preparación;ARGI0110 Impresión en flexografía;Técnico en Impresión Gráfica / Técnico en Postimpresión y Acabados Gráficos;;;;;;
Artes Gráficas;ARG418_2;Impresión en huecograbado;2;En preparación;ARGI0210 Impresión en huecograbado;Esta cualificación no está incluida en ningún título de grado D;;;;;;
Artes Gráficas;ARG419_2;Impresión en serigrafía y tampografía;2;En preparación;ARGI0310 Impresión en serigrafía y tampografía;Esta cualificación no está incluida en ningún título de grado D;;;;;;
Artes Gráficas;ARG219_3;Diseño de productos gráficos;3;En preparación;ARGG0110 Diseño de productos gráficos;Esta cualificación no está incluida en ningún título de grado D;;;;;;
Artes Gráficas;ARG292_3;Asistencia a la edición;3;En preparación;ARGN0210 Asistencia a la edición;Esta cualificación no está incluida en ningún título de grado D;;;;;;
Artes Gráficas;ARG513_3;Gestión de la producción en encuadernación industrial;3;En preparación;ARGC0112 Gestión de la producción en encuadernación industrial;Técnico Superior en Diseño y Gestión de la Producción Gráfica;;;;;;
Artes Gráficas;ARG514_3;Gestión de la producción en procesos de impresión;3;En preparación;ARGI0112 Gestión de la producción en procesos de impresión;Técnico Superior en Diseño y Gestión de la Producción Gráfica;;;;;;
Artes Gráficas;ARG515_3;Gestión de la producción en procesos de preimpresión;3;En preparación;ARGP0112 Gestión de la producción en procesos de preimpresión;Esta cualificación no está incluida en ningún título de grado D;;;;;;
Artes Gráficas;ARG516_3;Gestión de la producción en transformados de papel cartón y otros soportes gráficos;3;En preparación;ARGT0112 Gestión de la producción en transformados de papel; cartón y otros soportes gráficos;Esta cualificación no está incluida en ningún título de grado D;;;;
Comercio y Marketing;COM411_1;Actividades auxiliares de almacén;1;Activo;COML0110 Actividades auxiliares de almacén;Técnico Básico en Servicios Comerciales;;;;;;
Comercio y Marketing;COM412_1;Actividades auxiliares de comercio;1;Activo;COMT0211 Actividades auxiliares de comercio;Técnico Básico en Servicios Comerciales / Técnico Básico en Servicios Administrativos;;;;;;
Comercio y Marketing;COM085_2;Actividades de venta;2;Activo;COMV0108 Actividades de venta;Técnico en Actividades Comerciales;;;;;;
Comercio y Marketing;COM631_2;Actividades de gestión del pequeño comercio;2;En preparación;COMT0112 Actividades de gestión del pequeño comercio;Técnico en Actividades Comerciales / Técnico en Comercialización de Productos Alimentarios;;;;;;
Comercio y Marketing;COM086_3;Gestión administrativa y financiera del comercio internacional;3;En preparación;COMT0210 Gestión administrativa y financiera del comercio internacional;Técnico  Superior en Comercio Internacional / Técnico Superior en Transporte y Logística;;;;;;
Comercio y Marketing;COM087_3;Atención al cliente consumidor o usuario;3;Activo;COMT0110 Atención al cliente; consumidor o usuario;Técnico Superior en Marketing y Publicidad;;;;
Comercio y Marketing;COM088_3;Tráfico de mercancías por carretera;3;En preparación;COML0109 Tráfico de mercancías por carretera;Técnico Superior en Transporte y Logística;;;;;;
Comercio y Marketing;COM158_3;Implantación y animación de espacios comerciales;3;En preparación;COMP0108 Implantación y animación de espacios comerciales;Técnico Superior en Gestión de Ventas y Espacios Comerciales;;;;;;
Comercio y Marketing;COM312_3;Asistencia a la investigación de mercados;3;En preparación;COMM0111 Asistencia a la investigación de mercados;Técnico Superior en Marketing y Publicidad;;;;;;
Comercio y Marketing;COM313_3;Control y formación en consumo;3;En preparación;COMT0311 Control y formación en consumo;Esta cualificación no está incluida en ningún título de grado D;;;;;;
Comercio y Marketing;COM314_3;Gestión comercial de ventas;3;Activo;COMT0411 Gestión comercial de ventas;Técnico Superior en Gestión de Ventas y Espacios Comerciales;;;;;;
Comercio y Marketing;COM315_3;Gestión y control del aprovisionamiento;3;En preparación;COML0210 Gestión y control del aprovisionamiento;Técnico Superior en Gestión de Ventas y Espacios Comerciales / Técnico Superior en Transporte y Logística;;;;;;
Comercio y Marketing;COM316_3;Marketing y compraventa internacional;3;En preparación;COMM0110 Marketing y compraventa internacional;Técnico  Superior en Comercio Internacional;;;;;;
Comercio y Marketing;COM317_3;Organización del transporte y la distribución;3;En preparación;COML0209 Organización del transporte y la distribución;Esta cualificación no está incluida en ningún título de grado D;;;;;;
Comercio y Marketing;COM318_3;Organización y gestión de almacenes;3;En preparación;COML0309 Organización y gestión de almacenes;Técnico  Superior en Comercio Internacional / Técnico Superior en Gestión de Ventas y Espacios Comerciales / Técnico Superior en Transporte y Logística;;;;;;
Comercio y Marketing;COM623_3;Tráfico de viajeros por carretera;3;En preparación;COML0111 Tráfico de viajeros por carretera;Esta cualificación no está incluida en ningún título de grado D;;;;;;
Comercio y Marketing;COM650_3;Gestión comercial inmobiliaria;3;En preparación;COMT0111 Gestión comercial inmobiliaria;Esta cualificación no está incluida en ningún título de grado D;;;;;;
Comercio y Marketing;COM651_3;Gestión comercial y financiera del transporte por carretera;3;En preparación;Esta cualificación no tiene ningún certificado profesional asociado;Técnico Superior en Transporte y Logística / Técnico Superior en Comercio Internacional / Técnico Superior en Gestión de Ventas y Espacios Comerciales / Técnico Superior en Marketing y Publicidad;;;;;;
Comercio y Marketing;COM652_3;Gestión de marketing y comunicación;3;En preparación;COMM0112 Gestión de marketing y comunicación;Técnico Superior en Marketing y Publicidad;;;;;;
Comercio y Marketing;COM707_3;Dinamización de redes sociales y estrategia de contenidos digitales;3;En preparación;Esta cualificación no tiene ningún certificado profesional asociado;Redacción de contenidos digitales para marketing y ventas (Curso de especialización - Grado E);;;;;;
Edificación y Obra Civil;EOC271_1;Operaciones auxiliares de albañilería de fábricas y cubiertas;1;Activo;EOCB0208 Operaciones auxiliares de albañilería de fábricas y cubiertas;Técnico Básico en Reforma y Mantenimiento de Edificios;;;;;;
Edificación y Obra Civil;EOC272_1;Operaciones auxiliares de revestimientos continuos en construcción;1;Activo;EOCB0109 Operaciones auxiliares de revestimientos continuos en construcción;Técnico Básico en Reforma y Mantenimiento de Edificios;;;;;;
Edificación y Obra Civil;EOC409_1;Operaciones auxiliares de acabados rígidos y urbanización;1;En preparación;EOCB0209 Operaciones auxiliares de acabados rígidos y urbanización;Esta cualificación no está incluida en ningún título de grado D;;;;;;
Edificación y Obra Civil;EOC578_1;Operaciones básicas de revestimientos ligeros y técnicos en construcción;1;Activo;EOCJ0311 Operaciones básicas de revestimientos ligeros y técnicos en construcción;Técnico Básico en Reforma y Mantenimiento de Edificios;;;;;;
Edificación y Obra Civil;EOC052_2;Fábricas de albañilería;2;En preparación;EOCB0108 Fábricas de albañilería;Técnico en Construcción;;;;;;
Edificación y Obra Civil;EOC580_2;Cubiertas inclinadas;2;En preparación;EOCB0111 Cubiertas inclinadas;Técnico en Construcción;;;;;;
Edificación y Obra Civil;EOC581_2;Encofrados;2;En preparación;EOCE0211 Encofrados;Esta cualificación no está incluida en ningún título de grado D;;;;;;
Edificación y Obra Civil;EOC582_2;Impermeabilización mediante membranas formadas con láminas;2;En preparación;EOCJ0111 Impermeabilización mediante membranas formadas con láminas;Técnico en Construcción;;;;;;
Edificación y Obra Civil;EOC583_2;Instalación de placa de yeso laminado y falsos techos;2;Activo;EOCJ0110 Instalación de placa de yeso laminado y falsos techos;Técnico en Obras de Interior; Decoración y Rehabilitación;;;;;
Edificación y Obra Civil;EOC584_2;Instalación de sistemas técnicos de pavimentos; empanelados y mamparas;2;En preparación;EOCJ0211 Instalación de sistemas técnicos de pavimentos; empanelados y mamparas;Técnico en Obras de Interior; Decoración y Rehabilitación;;;
Edificación y Obra Civil;EOC586_2;Pavimentos y albañilería de urbanización;2;Activo;EOCB0211 Pavimentos y albañilería de urbanización;Técnico en Redes y Estaciones de Tratamiento de Aguas / Técnico en Construcción;;;;;;
Edificación y Obra Civil;EOC587_2;Pintura decorativa en construcción;2;Activo;EOCB0110 Pintura decorativa en construcción;Técnico en Obras de Interior; Decoración y Rehabilitación;;;;;
Edificación y Obra Civil;EOC588_2;Pintura industrial en construcción;2;Activo;EOCB0311 Pintura industrial en construcción;Esta cualificación no está incluida en ningún título de grado D;;;;;;
Edificación y Obra Civil;EOC589_2;Revestimientos con pastas y morteros en construcción;2;Activo;EOCB0210 Revestimientos con pastas y morteros en construcción;Esta cualificación no está incluida en ningún título de grado D;;;;;;
Edificación y Obra Civil;EOC590_2;Revestimientos con piezas rígidas por adherencia en construcción;2;Activo;EOCB0310 Revestimientos con piezas rígidas por adherencia en construcción;Esta cualificación no está incluida en ningún título de grado D;;;;;;
Edificación y Obra Civil;EOC201_3;Representación de proyectos de edificación;3;En preparación;EOCO0108 Representación de proyectos de edificación;Técnico Superior en Proyectos de Edificación;;;;;;
Edificación y Obra Civil;EOC202_3;Representación de proyectos de obra civil;3;En preparación;EOCO0208 Representación de proyectos de obra civil;Técnico Superior en Proyectos de Obra Civil;;;;;;
Edificación y Obra Civil;EOC273_3;Control de proyectos y obras de construcción;3;En preparación;EOCO0109 Control de proyectos y obras de construcción;Técnico Superior en Organización y Control de Obras de Construcción / Técnico Superior en Proyectos de Edificación / Técnico Superior en Proyectos de Obra Civil;;;;;;
Edificación y Obra Civil;EOC274_3;Levantamientos y replanteos;3;En preparación;EOCE0109 Levantamientos y replanteos;Técnico Superior en Organización y Control de Obras de Construcción / Técnico Superior en Proyectos de Obra Civil / Técnico Superior en Proyectos de Edificación;;;;;;
Edificación y Obra Civil;EOC641_3;Control de ejecución de obras civiles;3;En preparación;EOCO0212 Control de ejecución de obras civiles;Técnico Superior en Organización y Control de Obras de Construcción;;;;;;
Edificación y Obra Civil;EOC642_3;Control de ejecución de obras de edificación;3;En preparación;EOCO0112 Control de ejecución de obras de edificación;Técnico Superior en Organización y Control de Obras de Construcción;;;;;;
Electricidad y Electrónica;ELE255_1;Operaciones auxiliares de montaje de instalaciones electrotécnicas y de telecomunicaciones en edificios;1;Activo;ELES0208 Operaciones auxiliares de montaje de instalaciones electrotécnicas y de telecomunicaciones en edificios;Técnico Básico en Electricidad y Electrónica / Técnico Básico en Instalaciones Electrotécnicas y Mecánica;;;;;;
Electricidad y Electrónica;ELE256_1;Operaciones auxiliares de montaje de redes eléctricas e instalaciones de alumbrado exterior;1;Activo;ELEE0108 Operaciones auxiliares de montaje de redes eléctricas;Esta cualificación no está incluida en ningún título de grado D;;;;;;
Electricidad y Electrónica;ELE481_1;Operaciones auxiliares de montaje y mantenimiento de equipos eléctricos y electrónicos;1;Activo;ELEQ0111 Operaciones auxiliares de montaje y mantenimiento de equipos eléctricos y electrónicos;Técnico Básico en Electricidad y Electrónica / Técnico Básico en Informática y Comunicaciones;;;;;;
Electricidad y Electrónica;ELE043_2;Montaje y mantenimiento de infraestructuras de telecomunicaciones en edificios;2;Activo;ELES0108 Montaje y mantenimiento de infraestructuras de telecomunicaciones en edificios;Técnico en Instalaciones de Telecomunicaciones / Técnico en Instalaciones Eléctricas y Automáticas;;;;;;
Electricidad y Electrónica;ELE188_2;Montaje y mantenimiento de instalaciones de megafonía sonorización de locales y circuito cerrado de televisión;2;En preparación;ELES0109 Montaje y mantenimiento de instalaciones de megafonía; sonorización de locales y circuito cerrado de televisión;Técnico en Instalaciones de Telecomunicaciones;;;;
Electricidad y Electrónica;ELE189_2;Montaje y mantenimiento de sistemas de telefonía e infraestructuras de redes locales de datos;2;Activo;ELES0209 Montaje y mantenimiento de sistemas de telefonía e infraestructuras de redes locales de datos;Técnico en Instalaciones de Telecomunicaciones;;;;;;
Electricidad y Electrónica;ELE257_2;Montaje y mantenimiento de instalaciones eléctricas de baja tensión;2;Activo;ELEE0109 Montaje y mantenimiento de instalaciones eléctricas de baja tensión;Técnico en Instalaciones Eléctricas y Automáticas;;;;;;
Electricidad y Electrónica;ELE599_2;Montaje y mantenimiento de sistemas de automatización industrial;2;Activo;ELEM0311 Montaje y mantenimiento de sistemas de automatización industrial;Técnico en Mantenimiento Electromecánico;;;;;;
Electricidad y Electrónica;ELE258_3;Desarrollo de proyectos de infraestructuras de telecomunicaciones y otras redes de voz y datos en edificaciones;3;En preparación;ELES0110 Desarrollo de proyectos de infraestructuras de telecomunicación y de redes de voz y datos en edificios;Técnico Superior en Sistemas de Telecomunicaciones e Informáticos;;;;;;
Electricidad y Electrónica;ELE259_3;Desarrollo de proyectos de instalaciones eléctricas en el entorno de edificios y con finesespeciales;3;En preparación;ELEE0110 Desarrollo de proyectos de instalaciones eléctricas en el entorno de edificios y con fines especiales;Técnico Superior en Sistemas electrotécnicos y automatizados;;;;;;
Electricidad y Electrónica;ELE260_3;Desarrollo de proyectos de redes eléctricas de baja y alta tensión;3;En preparación;ELEE0210 Desarrollo de proyectos de redes eléctricas de baja y alta tensión;Técnico Superior en Sistemas electrotécnicos y automatizados;;;;;;
Electricidad y Electrónica;ELE381_3;Gestión y supervisión de la instalación y mantenimiento de sistemas de electromedicina;3;Activo;ELEQ0208 Gestión y supervisión de la instalación y mantenimiento de sistemas de electromedicina;Técnico Superior en Electromedicina Clínica;;;;;;
Electricidad y Electrónica;ELE382_3;Gestión y supervisión del montaje y mantenimiento de instalaciones eléctricas en el entorno de edificios;3;Activo;ELEE0310 Gestión y supervisión del montaje y mantenimiento de instalaciones eléctricas en el entorno de edificios;Técnico Superior en Sistemas electrotécnicos y automatizados;;;;;;
Electricidad y Electrónica;ELE383_3;Gestión y supervisión del montaje y mantenimiento de las infraestructuras de telecomunicación y de redes de voz y datos en el entorno de edificios;3;Activo;ELES0210 Gestión y supervisión del montaje y mantenimiento de las infraestructuras de telecomunicación y de redes de voz y datos en el entorno de edificios;Técnico Superior en Sistemas de Telecomunicaciones e Informáticos;;;;;;
Electricidad y Electrónica;ELE385_3;Gestión y supervisión del montaje y mantenimiento de  redes eléctricas de baja tensión y alumbrado exterior;3;Activo;ELEE0610 Gestión y supervisión del montaje y mantenimiento de  redes eléctricas de baja tensión y alumbrado exterior;Técnico Superior en Sistemas electrotécnicos y automatizados;;;;;;
Electricidad y Electrónica;ELE484_3;Desarrollo de proyectos de sistemas de automatización industrial;3;En preparación;ELEM0110 Desarrollo de proyectos de sistemas de automatización industrial;Técnico Superior en Automatización y Robótica Industrial;;;;;;
Electricidad y Electrónica;ELE485_3;Gestión y supervisión del montaje y mantenimiento de equipamiento de red y estaciones base de telefonía;3;En preparación;ELES0411 Gestión y supervisión del montaje y mantenimiento de equipamiento de red y estaciones base de telefonía;Técnico Superior en Mantenimiento Electrónico;;;;;;
Electricidad y Electrónica;ELE486_3;Gestión y supervisión del montaje y mantenimiento de sistemas de automatización industrial;3;En preparación;ELEM0210 Gestión y supervisión del montaje y mantenimiento de sistemas de automatización industrial;Técnico Superior en Automatización y Robótica Industrial;;;;;;
Electricidad y Electrónica;ELE487_3;Gestión y supervisión del montaje y mantenimiento de  sistemas de producción audiovisual y de radiodifusión;3;En preparación;ELES0311 Gestión y supervisión del montaje y mantenimiento de  sistemas de producción audiovisual y de radiodifusión;Técnico Superior en Sistemas de Telecomunicaciones e Informáticos;;;;;;
Electricidad y Electrónica;ELE552_3;Mantenimiento de equipos electrónicos;3;Activo;ELEQ0311 Mantenimiento de equipos electrónicos;Técnico Superior en Mantenimiento Electrónico;;;;;;
Electricidad y Electrónica;ELE786_3;Gestión y supervisión del montaje y mantenimiento de instalaciones de alta tensión;3;En preparación;Esta cualificación no tiene ningún certificado profesional asociado;Técnico Superior en Energías Renovables;;;;;;
Electricidad y Electrónica;ELE812_3;Implantación y mantenimiento de sistemas domóticos, inmóticos y de control de accesos presencia y videovigilancia;3;En preparación;Esta cualificación no tiene ningún certificado profesional asociado;Esta cualificación no está incluida en ningún título de grado D;;;;
Electricidad y Electrónica;ELE813_3;Desarrollo de proyectos y gestión de sistemas de robótica colaborativa;3;En preparación;Esta cualificación no tiene ningún certificado profesional asociado;Robótica Colaborativa;;;;;;
Energía y Agua;ENA620_1;Operaciones auxiliares en el montaje y mantenimiento de instalaciones de energías renovables;1;En preparación;ENAE0111 Operaciones básicas en el montaje y mantenimiento de instalaciones de energías renovables;Esta cualificación no está incluida en ningún título de grado D;;;;;;
Energía y Agua;ENA190_2;Montaje y mantenimiento de instalaciones solares térmicas;2;En preparación;ENAE0208 Montaje y mantenimiento de instalaciones solares térmicas;Esta cualificación no está incluida en ningún título de grado D;;;;;;
Energía y Agua;ENA191_2;Montaje y mantenimiento de redes de agua;2;Activo;ENAT0108 Montaje y mantenimiento de redes de agua;Técnico en Redes y Estaciones de Tratamiento de Aguas;;;;;;
Energía y Agua;ENA261_2;Montaje y mantenimiento de instalaciones solares fotovoltaicas;2;Activo;ENAE0108 Montaje y mantenimiento de instalaciones solares fotovoltaicas;Técnico en Instalaciones Eléctricas y Automáticas;;;;;;
Energía y Agua;ENA472_2;Montaje, puesta en servicio, mantenimiento, inspección y revisión de instalaciones receptoras y aparatos de gas;2;En preparación;ENAS0110 Montaje; puesta en servicio; mantenimiento; inspección y revisión de instalaciones receptoras y aparatos de gas;Técnico en Instalaciones de Producción de Calor
Energía y Agua;ENA193_3;Gestión del montaje y mantenimiento de parques eólicos;3;En preparación;ENAE0408 Gestión del montaje y mantenimiento de parques eólicos;Técnico Superior en Energías Renovables;;;;;;
Energía y Agua;ENA262_3;Organización y control del montaje y mantenimiento de redes e instalaciones de agua y saneamiento;3;En preparación;ENAA0109 Organización y control del montaje y mantenimiento de redes e instalaciones de agua y saneamiento;Técnico Superior en Gestión del Agua;;;;;;
Energía y Agua;ENA263_3;Organización y proyectos de instalaciones solares fotovoltaicas;3;En preparación;ENAE0508 Organización y proyectos de instalaciones solares fotovoltaicas;Técnico Superior en Energías Renovables;;;;;;
Energía y Agua;ENA264_3;Organización y proyectos de instalaciones solares térmicas;3;En preparación;ENAE0308 Organización y proyectos de instalaciones solares térmicas;Técnico Superior en Eficiencia Energética y Energía Solar Térmica;;;;;;
Energía y Agua;ENA358_3;Eficiencia energética de edificios;3;En preparación;ENAC0108 Eficiencia energética de edificios;Técnico Superior en Eficiencia Energética y Energía Solar Térmica / Técnico Superior en Proyectos de Edificación;;;;;;
Energía y Agua;ENA656_3 ;Gestión del uso eficiente del agua;3;En preparación;Esta cualificación no tiene ningún certificado profesional asociado;Técnico Superior en Gestión del Agua;;;;;;
Energía y Agua;ENA739_3;Auditoría energética;3;En preparación;Esta cualificación no tiene ningún certificado profesional asociado;Auditoría energética;;;;;;
Fabricación Mecánica;FME031_1;Operaciones auxiliares de fabricación mecánica;1;En preparación;FMEE0108 Operaciones auxiliares de fabricación mecánica;Técnico Básico en Fabricación y Montaje;;;;;;
Fabricación Mecánica;FME032_2;Mecanizado por arranque de viruta;2;En preparación;FMEH0109 Mecanizado por arranque de viruta;Técnico en Mecanizado;;;;;;
Fabricación Mecánica;FME033_2;Mecanizado por abrasión electroerosión y procedimientos especiales;2;En preparación;FMEH0409 Mecanizado por abrasión; electroerosión y procedimientos especiales;Técnico en Mecanizado;;;;
Fabricación Mecánica;FME034_2;Mecanizado por corte y conformado;2;En preparación;FMEH0209 Mecanizado por corte y conformado;Técnico en Mecanizado;;;;;;
Fabricación Mecánica;FME350_2;Calderería carpintería y montaje de construcciones metálicas;2;En preparación;Esta cualificación no tiene ningún certificado profesional asociado;Técnico en Soldadura y calderería;;;;;
Fabricación Mecánica;FME351_2;Fabricación y montaje de instalaciones de tubería industrial;2;En preparación;FMEC0108 Fabricación y montaje de instalaciones de tubería industrial;Técnico en Soldadura y calderería;;;;;;
Fabricación Mecánica;FME352_2;Montaje y puesta en marcha de bienes de equipo y maquinaria industrial;2;En preparación;FMEE0208 Montaje y puesta en marcha de bienes de equipo y maquinaria industrial;Técnico en Mantenimiento Electromecánico;;;;;;
Fabricación Mecánica;FME684_2;"Soldadura por arco bajo gas protector con electrodo consumible; soldeo ""MIG/MAG""";2;Activo;FMEC0119_2 Soldadura por arco bajo gas protector con electrodo consumible; soldeo “MIG/MAG”;Técnico en Soldadura y Calderería;;;;
Fabricación Mecánica;FME685_2;"Soldadura por arco bajo gas protector con electrodo no consumible; soldeo ""TIG""";2;Activo;FMEC0219_2 Soldadura por arco bajo gas protector con electrodo no consumible; soldeo “TIG”.;Técnico en Soldadura y Calderería;;;;
Fabricación Mecánica;FME686_2;Soldadura por arco con electrodo revestido;2;Activo;FMEC0319_2 Soldadura por arco con electrodo revestido;Técnico en Soldadura y Calderería;;;;;;
Fabricación Mecánica;FME037_3;Diseño de productos de fabricación mecánica;3;En preparación;FMEE0308 Diseño de productos de fabricación mecánica;Técnico Superior en Mecatrónica Industrial / Técnico Superior en Diseño en Fabricación Mecánica;;;;;;
Fabricación Mecánica;FME187_3;Producción en mecanizado conformado y montaje mecánico;3;En preparación;FMEM0209 Producción en mecanizado; conformado y montaje mecánico;Técnico Superior en Programación de la Producción en Fabricación Mecánica;;;;
Fabricación Mecánica;FME354_3;Diseño de calderería y estructuras metálicas;3;En preparación;FMEC0208 Diseño de calderería y estructuras metálicas;Técnico Superior en Construcciones Metálicas;;;;;;
Fabricación Mecánica;FME355_3;Diseño de tubería industrial;3;En preparación;FMEC0209 Diseño de tubería industrial;Técnico Superior en Construcciones Metálicas;;;;;;
Fabricación Mecánica;FME356_3;Gestión de la producción en fabricación mecánica;3;En preparación;FMEM0109 Gestión de la producción en fabricación mecánica;Técnico Superior en Construcciones Metálicas / Técnico Superior en Programación de la Producción en Fabricación Mecánica / Técnico Superior en Programación de la Producción en Moldeo de Metales y Polímeros;;;;;;
Fabricación Mecánica;FME357_3;Producción en construcciones metálicas;3;En preparación;FMEC0109 Producción en construcciones metálicas;Técnico Superior en Construcciones Metálicas;;;;;;
Hostelería y Turismo;HOT091_1;Operaciones básicas de cocina;1;Activo;HOTR0108 Operaciones básicas de cocina;Técnico Básico en Cocina y Restauración / Técnico Básico en Actividades Domésticas y Limpieza de edificios;;;;;;
Hostelería y Turismo;HOT092_1;Operaciones básicas de restaurante y bar;1;Activo;HOTR0208 Operaciones básicas de restaurante y bar;Técnico Básico en Cocina y Restauración;;;;;;
Hostelería y Turismo;HOT222_1;Operaciones básicas de pisos en alojamientos;1;Activo;HOTA0108 Operaciones básicas de pisos en alojamientos;Técnico Básico en Alojamiento y Lavandería;;;;;;
Hostelería y Turismo;HOT325_1;Operaciones básicas de catering;1;Activo;HOTR0308 Operaciones básicas de catering;Técnico Básico en Alojamiento y Lavandería / Técnico Básico en Cocina y Restauración;;;;;;
Hostelería y Turismo;HOT414_1;Operaciones básicas de pastelería;1;Activo;HOTR0109 Operaciones básicas de pastelería;Esta cualificación no está incluida en ningún título de grado D;;;;;;
Hostelería y Turismo;HOT093_2;Cocina;2;Activo;HOTR0408 Cocina;Técnico en Cocina y Gastronomía;;;;;;
Hostelería y Turismo;HOT223_2;Repostería;2;Activo;HOTR0509 Repostería;Técnico en Cocina y Gastronomía / Técnico en Panadería; Repostería y Confitería / Técnico en Servicios en Restauración;;;;;
Hostelería y Turismo;HOT326_2;Alojamiento rural;2;En preparación;HOTU0109 Alojamiento rural;Esta cualificación no está incluida en ningún título de grado D;;;;;;
Hostelería y Turismo;HOT679_2;Servicios de restaurante, bar y cafetería;2;Activo;HOTR0608 Servicios de restaurante / HOTR0508 Servicios de bar y cafeteria;Técnico en Servicios en Restauración;;;;;
Hostelería y Turismo;HOT094_3;Recepción;3;Activo;HOTA0308 Recepción en alojamientos;Técnico Superior en Gestión de Alojamientos Turísticos;;;;;;
Hostelería y Turismo;HOT332_3;Dirección y producción en cocina;3;Activo;HOTR0110 Dirección y producción en cocina;Técnico Superior en Dirección de Cocina / Técnico Superior en Dirección de Servicios en Restauración;;;;;;
Hostelería y Turismo;HOT333_3;Gestión de pisos y limpieza en alojamientos;3;Activo;HOTA0208 Gestión de pisos y limpieza en alojamientos;Técnico Superior en Gestión de Alojamientos Turísticos;;;;;;
Hostelería y Turismo;HOT335_3;Guía de turismo;3;Activo;Esta cualificación no tiene ningún certificado profesional asociado;Técnico Superior en Guía; Información y Asistencias Turísticas / Técnico Superior en Agencias de Viajes y Gestión de Eventos;;;;;
Hostelería y Turismo;HOT336_3;Promoción turística local e información al visitante;3;Activo;HOTI0108 Promoción turística local e información al visitante;Técnico Superior en Guía; Información y Asistencias Turísticas / Técnico Superior en Agencias de Viajes y Gestión de Eventos;;;;;
Hostelería y Turismo;HOT337_3;Vinos, otras bebidas y productos selectos propios de sumillería;3;Activo;HOTR0209 Sumillería;Técnico Superior en Dirección de Servicios en Restauración;;;;;
Hostelería y Turismo;HOT680_3;Gestión de procesos en servicios de restauración;3;Activo;Esta cualificación no tiene ningún certificado profesional asociado;Técnico Superior en Dirección de Servicios en Restauración / Técnico Superior en Dirección de Cocina;;;;;;
Hostelería y Turismo;HOT772_3;Gestión de productos turísticos;3;En preparación;Esta cualificación no tiene ningún certificado profesional asociado;Técnico Superior en Agencias de Viajes y Gestión de Eventos / Técnico Superior en Guía; Información y Asistencias Turísticas;;;;;
Imagen Personal;IMP022_1;Servicios auxiliares de peluquería;1;Activo;IMPQ0108 Servicios auxiliares de peluquería;Técnico Básico en Peluquería y Estética;;;;;;
Imagen Personal;IMP118_1;Servicios auxiliares de estética;1;Activo;IMPE0108 Servicios auxiliares de estética;Técnico Básico en Peluquería y Estética;;;;;;
Imagen Personal;IMP119_2;Peluquería;2;Activo;IMPQ0208 Peluquería;Técnico en Peluquería y Cosmética Capilar;;;;;;
Imagen Personal;IMP120_2;Servicios estéticos de higiene, depilación y maquillaje;2;Activo;IMPP0208 Servicios estéticos de higiene; depilación y maquillaje;Técnico en Estética y Belleza;;;;
Imagen Personal;IMP121_2;Cuidados estéticos de manos y pies;2;Activo;IMPP0108 Cuidados estéticos de manos y pies;Técnico en Estética y Belleza / Técnico en Peluquería y Cosmética Capilar;;;;;;
Imagen Personal;IMP023_3;Hidrotermal;3;Activo;IMPP0308 Hidrotermal;Técnico Superior en Estética Integral y Bienestar / Técnico Superior en Termalismo y Bienestar;;;;;;
Imagen Personal;IMP182_3;Bronceado, maquillaje y depilación avanzada;3;Activo;IMPE0109 Bronceado; maquillaje y depilación avanzada;Técnico Superior en Estética Integral y Bienestar;;;;
Imagen Personal;IMP248_3;Masajes estéticos y técnicas sensoriales asociadas;3;Activo;IMPE0110 Masajes estéticos y técnicas sensoriales asociadas;Técnico Superior en Estética Integral y Bienestar / Técnico Superior en Termalismo y Bienestar;;;;;;
Imagen Personal;IMP249_3;Peluquería técnico-artística;3;Activo;IMPQ0109 Peluquería técnico-artística;Técnico Superior en Estilismo y Dirección de Peluquería / Técnico Superior en Asesoría de Imagen Personal y Corporativa / Técnico Superior en Caracterización y Maquillaje Profesional;;;;;;
Imagen Personal;IMP250_3;Tratamientos estéticos;3;Activo;IMPE0210 Tratamientos estéticos;Técnico Superior en Estética Integral y Bienestar;;;;;;
Imagen Personal;IMP395_3;Asesoría integral de imagen personal;3;Activo;IMPE0111 Asesoría integral de imagen personal;Técnico Superior en Asesoría de Imagen Personal y Corporativa;;;;;;
Imagen Personal;IMP396_3;Caracterización de personajes;3;Activo;IMPE0211 Caracterización de personajes;Técnico Superior en Caracterización y Maquillaje Profesional;;;;;;
Imagen Personal;IMP397_3;Tratamientos capilares estéticos;3;Activo;IMPQ0308 Tratamientos capilares estéticos;Técnico Superior en Estilismo y Dirección de Peluquería / Técnico Superior en Asesoría de Imagen Personal y Corporativa;;;;;;
Imagen Personal;IMP799_3;Micropigmentación;3;Activo;Esta cualificación no tiene ningún certificado profesional asociado;Técnico Superior en Estética Integral y Bienestar;;;;;;
Imagen y Sonido;IMS434_2;Animación musical y visual en vivo y en directo;2;En preparación;IMSE0111 Animación musical y visual en vivo y en directo;Técnico en Vídeo Disc-jockey y Sonido;;;;;;
Imagen y Sonido;IMS435_2;Operaciones de producción de laboratorio de imagen;2;En preparación;IMST0110 Operaciones de producción de laboratorio de imagen;Esta cualificación no está incluida en ningún título de grado D;;;;;;
Imagen y Sonido;IMS436_2;Operaciones de sonido;2;Activo;Esta cualificación no tiene ningún certificado profesional asociado;Técnico en Vídeo Disc-jockey y Sonido;;;;;;
Imagen y Sonido;IMS074_3;Asistencia a la producción en televisión;3;En preparación;IMSV0208 Asistencia a la producción en televisión;Técnico Superior en Producción de Audiovisuales y Espectáculos;;;;;;
Imagen y Sonido;IMS075_3;Luminotecnia para el espectáculo en vivo;3;En preparación;IMSE0109 Luminotecnia para el espectáculo en vivo;Técnico Superior en Iluminación; Captación y Tratamiento de Imagen;;;;;
Imagen y Sonido;IMS076_3;Animación 2D Y 3D;3;En preparación;Esta cualificación no tiene ningún certificado profesional asociado;Técnico Superior en Animaciones 3D; Juegos y Entornos Interactivos;;;;;
Imagen y Sonido;IMS077_3;Asistencia a la realización en televisión;3;En preparación;IMSD0108 Asistencia a la realización en televisión;Técnico Superior en Realización de Proyectos Audiovisuales y Espectáculos;;;;;;
Imagen y Sonido;IMS220_3;Asistencia a la dirección cinematográfica y de obras audiovisuales;3;En preparación;IMSV0408 Asistencia a la dirección cinematográfica y de obras audiovisuales;Técnico Superior en Realización de Proyectos Audiovisuales y Espectáculos;;;;;;
Imagen y Sonido;IMS221_3;Asistencia a la producción cinematográfica y de obras audiovisuales;3;En preparación;IMSV0108 Asistencia a la producción cinematográfica y de obras audiovisuales;Técnico Superior en Producción de Audiovisuales y Espectáculos;;;;;;
Imagen y Sonido;IMS294_3;Cámara de cine, vídeo y televisión;3;En preparación;IMSV0308 Cámara de cine; vídeo y televisión;Técnico Superior en Iluminación; Captación y Tratamiento de Imagen;;;
Imagen y Sonido;IMS295_3;Desarrollo de productos audiovisuales multimedia interactivos;3;En preparación;IMSV0209 Desarrollo de productos audiovisuales multimedia interactivos;Técnico Superior en Animaciones 3D; Juegos y Entornos Interactivos;;;;;
Imagen y Sonido;IMS296_3;Montaje y postproducción de audiovisuales;3;En preparación;IMSV0109 Montaje y postproducción de audiovisuales;Técnico Superior en Animaciones 3D; Juegos y Entornos Interactivos / Técnico Superior en Realización de Proyectos Audiovisuales y Espectáculos;;;;;
Imagen y Sonido;IMS437_3;Asistencia a la producción de espectáculos en vivo y eventos;3;En preparación;Esta cualificación no tiene ningún certificado profesional asociado;Técnico Superior en Producción de Audiovisuales y Espectáculos;;;;;;
Imagen y Sonido;IMS438_3;Desarrollo de proyectos y control de sonido en audiovisuales, radio e industria discográfica;3;En preparación;Esta cualificación no tiene ningún certificado profesional asociado;Técnico Superior en Sonido para Audiovisuales y Espectáculos;;;;;
Imagen y Sonido;IMS439_3;Desarrollo de proyectos y control de sonido en vivo y en instalaciones fijas;3;Activo;Esta cualificación no tiene ningún certificado profesional asociado;Técnico Superior en Sonido para Audiovisuales y Espectáculos;;;;;;
Imagen y Sonido;IMS440_3;Producción en laboratorio de imagen;3;En preparación;IMST0210 Producción en laboratorio de imagen;Técnico Superior en Iluminación; Captación y Tratamiento de Imagen;;;;;
Imagen y Sonido;IMS441_3;Producción fotográfica;3;En preparación;IMST0109 Producción fotográfica;Técnico Superior en Iluminación; Captación y Tratamiento de Imagen;;;;;
Imagen y Sonido;IMS442_3;Regiduría de espectáculos en vivo y eventos;3;En preparación;Esta cualificación no tiene ningún certificado profesional asociado;Técnico Superior en Realización de Proyectos Audiovisuales y Espectáculos;;;;;;
Industrias Alimentarias;INA173_1;Operaciones auxiliares de mantenimiento y transporte interno en la industria alimentaria;1;En preparación;INAQ0108 Operaciones auxiliares de mantenimiento y transporte interno en la industria alimentaria;Esta cualificación no está incluida en ningún título de grado D;;;;;;
Industrias Alimentarias;INA012_2;Quesería;2;En preparación;INAE0109 Quesería;Esta cualificación no está incluida en ningún título de grado D;;;;;;
Industrias Alimentarias;INA013_2;Obtención de aceites de oliva;2;En preparación;INAK0109 Obtención de aceites de oliva;Técnico en Aceites de Oliva y Vinos;;;;;;
Industrias Alimentarias;INA015_2;Panadería y bollería;2;Activo;INAF0108 Panadería y bollería;Técnico en Panadería; Repostería y Confitería;;;;;
Industrias Alimentarias;INA107_2;Pastelería y confitería;2;Activo;INAF0109 Pastelería y confitería;Técnico en Panadería; Repostería y Confitería;;;;;
Industrias Alimentarias;INA174_2;Elaboración de vinos y licores;2;En preparación;INAH0109 Elaboración de vinos y licores;Técnico en Aceites de Oliva y Vinos;;;;;;
Industrias Alimentarias;INA016_3;Enotecnia;3;En preparación;INAH0209 Enotecnia;Técnico Superior en Vitivinicultura;;;;;;
Industrias Alimentarias;INA178_3;Industrias de productos de la pesca y de la acuicultura;3;En preparación;INAJ0110 Industrias de productos de la pesca y de la acuicultura;Técnico Superior en Acuicultura / Técnico Superior en Procesos y Calidad en la Industria Alimentaria;;;;;;
Industrias Alimentarias;INA240_3;Industrias derivadas de la uva y del vino;3;En preparación;INAH0110 Industrias derivadas de la uva y del vino;Técnico Superior en Vitivinicultura;;;;;;
Industrias Extractivas;IEX427_2;Colocación de piedra natural;2;En preparación;IEXD0409 Colocación de piedra natural;Esta cualificación no está incluida en ningún título de grado D;;;;;;
Informática y Comunicaciones;IFC361_1;Operaciones auxiliares de montaje y mantenimiento de sistemas microinformáticos;1;En preparación;IFCT0108 Operaciones auxiliares de montaje y mantenimiento de sistemas microinformáticos;Técnico Básico en Informática de Oficina / Técnico Básico en Informática y Comunicaciones;;;;;;
Informática y Comunicaciones;IFC078_2;Sistemas microinformáticos;2;En preparación;IFCT0209 Sistemas microinformáticos;Técnico en Sistemas Microinformáticos y Redes;;;;;;
Informática y Comunicaciones;IFC297_2;Confección y publicación de páginas web;2;En preparación;IFCD0110 Confección y publicación de páginas web;Esta cualificación no está incluida en ningún título de grado D;;;;;;
Informática y Comunicaciones;IFC298_2;Montaje y reparación de sistemas microinformáticos;2;En preparación;IFCT0309 Montaje y reparación de sistemas microinformáticos;Técnico en Sistemas Microinformáticos y Redes;;;;;;
Informática y Comunicaciones;IFC299_2;Operación de redes departamentales;2;En preparación;IFCT0110 Operación de redes departamentales;Técnico en Sistemas Microinformáticos y Redes;;;;;;
Informática y Comunicaciones;IFC300_2;Operación de sistemas informáticos;2;En preparación;IFCT0210 Operación de sistemas informáticos;Técnico en Sistemas Microinformáticos y Redes;;;;;;
Informática y Comunicaciones;IFC079_3;Administración de bases de datos;3;En preparación;IFCT0310 Administración de bases de datos;Técnico Superior en Administración de Sistemas Informáticos en Red;;;;;;
Informática y Comunicaciones;IFC080_3;Programación con lenguajes orientados a objetos y bases de datos relacionales;3;En preparación;IFCD0112 Programación con lenguajes orientados a objetos y bases de datos relacionales;Técnico Superior en Desarrollo de Aplicaciones Multiplataforma / Técnico Superior en Desarrollo de Aplicaciones Web;;;;;;
Informática y Comunicaciones;IFC152_3;Gestión de sistemas informáticos;3;En preparación;IFCT0510 Gestión de sistemas informáticos;Técnico Superior en Administración de Sistemas Informáticos en Red;;;;;;
Informática y Comunicaciones;IFC153_3;Seguridad informática;3;En preparación;IFCT0109 Seguridad informática;Esta cualificación no está incluida en ningún título de grado D;;;;;;
Informática y Comunicaciones;IFC154_3;Desarrollo de aplicaciones con tecnologías web;3;En preparación;IFCD0210 Desarrollo de aplicaciones con tecnologías web;Técnico Superior en Desarrollo de Aplicaciones Web;;;;;;
Informática y Comunicaciones;IFC155_3;Programación en lenguajes estructurados de aplicaciones de gestión;3;En preparación;IFCD0111 Programación en lenguajes estructurados de aplicaciones de gestión;Técnico Superior en Desarrollo de Aplicaciones Multiplataforma / Técnico Superior en Desarrollo de Aplicaciones Web;;;;;;
Informática y Comunicaciones;IFC156_3;Administración de servicios de Internet;3;En preparación;IFCT0509 Administración de servicios de internet;Técnico Superior en Administración de Sistemas Informáticos en Red;;;;;;
Informática y Comunicaciones;IFC301_2;Operación en sistemas de comunicaciones de voz y datos;3;En preparación;IFCM0110 Operación en sistemas de comunicaciones de voz y datos;Esta cualificación no está incluida en ningún título de grado D;;;;;;
Informática y Comunicaciones;IFC303_3;Programación de sistemas informáticos;3;En preparación;IFCT0609 Programación de sistemas informáticos;Esta cualificación no está incluida en ningún título de grado D;;;;;;
Informática y Comunicaciones;IFC363_3;Administración y programación en sistemas de planificación de recursos empresariales y de gestión de relaciones con clientes;3;En preparación;IFCT0610 Administración y programación en sistemas de planificación de recursos empresariales y de gestión de relaciones con clientes;Esta cualificación no está incluida en ningún título de grado D;;;;;;
Instalación y Mantenimiento;IMA367_1;Operaciones auxiliares de fontanería;1;Activo;IMAI0108 Operaciones de fontanería y calefacción-climatización doméstica;Técnico Básico en Fabricación y Montaje / Técnico Básico en Mantenimiento de Viviendas;;;;;;
Instalación y Mantenimiento;IMA040_2;Montaje y mantenimiento de instalaciones frigoríficas;2;Activo;IMAR0108 Montaje y mantenimiento de instalaciones frigoríficas;Técnico en Instalaciones Frigoríficas y de Climatización.;;;;;;
Instalación y Mantenimiento;IMA041_2;Mantenimiento y montaje mecánico de equipo industrial;2;En preparación;IMAQ0108 Mantenimiento y montaje mecánico de equipo industrial;Técnico en Mantenimiento Electromecánico;;;;;;
Instalación y Mantenimiento;IMA568_2;Instalación y mantenimiento de ascensores y otros equipos fijos de elevación y transporte;2;Activo;IMAQ0110 Instalación y mantenimiento de ascensores y otros equipos fijos de elevación y transporte;Esta cualificación no está incluida en ningún título de grado D;;;;;;
Instalación y Mantenimiento;IMA801_2;Montaje y mantenimiento de instalaciones térmicas en edificios;2;Activo;Esta cualificación no tiene ningún certificado profesional asociado;Técnico en Instalaciones de Producción de Calor / Técnico en Instalaciones Frigoríficas y de Climatización;;;;;;
Instalación y Mantenimiento;IMA372_3;Desarrollo de proyectos de instalaciones frigoríficas;3;En preparación;IMAR0209 Desarrollo de proyectos de instalaciones frigoríficas;Esta cualificación no está incluida en ningún título de grado D;;;;;;
Instalación y Mantenimiento;IMA376_3;Planificación, gestión y realización del mantenimiento y supervisión del montaje de instalaciones frigoríficas;3;En preparación;IMAR0309 Planificación; gestión y realización del mantenimiento y supervisión del montaje de instalaciones frigoríficas;Técnico Superior en Mantenimiento de Instalaciones Térmicas y de Fluidos;;;;
Instalación y Mantenimiento;IMA377_3;Planificación, gestión y realización del mantenimiento y supervisión del montaje de maquinaria; equipo industrial y líneas automatizadas de producción;3;En preparación;IMAQ0208 Planificación; gestión y realización del mantenimiento y supervisión del montaje de maquinaria; equipo industrial y líneas automatizadas de producción;Técnico Superior en Mecatrónica Industrial;;
Instalación y Mantenimiento;IMA378_3;Planificación, gestión y realización del mantenimiento y supervisión del montaje de redes y sistemas de distribución de fluidos;3;En preparación;IMAI0208 Planificación; gestión y realización del mantenimiento y supervisión del montaje de redes y sistemas de distribución de fluidos;Técnico Superior en Mantenimiento de Instalaciones Térmicas y de Fluidos;;;;
Instalación y Mantenimiento;IMA790_3;Metodología de trabajo colaborativa para el modelado y gestión de información de proyectos de construcción (BIM);3;En preparación;Esta cualificación no tiene ningún certificado profesional asociado;Modelado de la información en la construcción (BIM);;;;;;
Instalación y Mantenimiento;IMA824_3;Desarrollo de proyectos de instalaciones térmicas;3;En preparación;Esta cualificación no tiene ningún certificado profesional asociado;Esta cualificación no está incluida en ningún título de grado D;;;;;;
Instalación y Mantenimiento;IMA825_3;Supervisión del montaje y mantenimiento de instalaciones térmicas;3;En preparación;Esta cualificación no tiene ningún certificado profesional asociado;Técnico Superior en Mantenimiento de Instalaciones Térmicas y de Fluidos;;;;;;
Madera, Mueble y Corcho;MAM275_1;Aplicación de barnices y lacas en elementos de carpintería y mueble;1;En preparación;MAMD0109 Aplicación de barnices y lacas en elementos de carpintería y mueble;Técnico Básico en Carpintería y Mueble;;;;;
Madera, Mueble y Corcho;MAM276_1;Trabajos de carpintería y mueble;1;En preparación;MAMD0209 Trabajos de carpintería y mueble;Técnico Básico en Carpintería y Mueble;;;;;
Madera, Mueble y Corcho;MAM058_2;Mecanizado de madera y derivados con equipos manuales y automatizados;2;En preparación;MAMR0308 Mecanizado de madera y derivados;Técnico en Carpintería y Mueble / Técnico en Instalación y Amueblamiento / Técnico en Procesado y Tansformación de la Madera;;;;;
Madera, Mueble y Corcho;MAM059_2;Instalación de muebles;2;En preparación;MAMR0408 Instalación de muebles;Técnico en Instalación y Amueblamiento;;;;;
Madera, Mueble y Corcho;MAM060_2;Acabado de carpintería y mueble;2;En preparación;MAMR0208 Acabado de carpintería y mueble;Técnico en Carpintería y Mueble / Técnico en Procesado y Transformación de la Madera;;;;;
Madera, Mueble y Corcho;MAM062_2;Montaje de muebles y elementos de carpintería;2;En preparación;MAMR0108 Montaje de muebles y elementos de carpintería;Técnico en Carpintería y Mueble / Técnico en Instalación y Amueblamiento;;;;;
Madera, Mueble y Corcho;MAM277_2;Instalación de elementos de carpintería;2;En preparación;MAMS0108 Instalación de elementos de carpintería;Técnico en Instalación y Amueblamiento;;;;;
Madera, Mueble y Corcho;MAM063_3;Proyectos de carpintería y mueble;3;En preparación;MAMD0309 Proyectos de carpintería y mueble;Técnico Superior en Diseño y Amueblamiento;;;;;
Madera, Mueble y Corcho;MAM423_3;Organización y gestión de la producción en industrias de carpintería y mueble;3;En preparación;MAMD0110 Organización y gestión de la producción en industrias del mueble y de carpintería;Esta cualificación no está incluida en ningún título de grado D;;;;;
Madera, Mueble y Corcho;MAM425_3;Proyectos de instalación y amueblamiento;3;En preparación;MAMB0110 Proyectos de instalación y amueblamiento;Técnico Superior en Diseño y Amueblamiento;;;;;
Marítimo-Pesquera;MAP006_2;Manipulación y conservación en pesca y acuicultura;2;En preparación;MAPN0312 Manipulación y conservación en pesca y acuicultura;Esta cualificación no está incluida en ningún título de grado D;;;;;;
Marítimo-Pesquera;MAP007_2;Producción de alimento vivo;2;En preparación;MAPU0409 Producción de alimento vivo;Técnicos en Cultivos Acuícolas;;;;;;
Marítimo-Pesquera;MAP008_2;Engorde de peces, crustáceos y cefalópodos;2;En preparación;MAPU0108 Engorde de peces; crustáceos y cefalópodos;Técnicos en Cultivos Acuícolas;;;;
Marítimo-Pesquera;MAP009_2;Operaciones con equipos de buceo en instalaciones de suministro y cámaras hiperbáricas;2;En preparación;Esta cualificación no tiene ningún certificado profesional asociado;Técnico en Operaciones Subacuáticas e Hiperbáricas;;;;;
Marítimo-Pesquera;MAP010_2;Operaciones subacuáticas de corte y soldadura reparación en obra viva y reflotamiento;2;En preparación;Esta cualificación no tiene ningún certificado profesional asociado;Técnico en Operaciones Subacuáticas e Hiperbáricas;;;;;
Marítimo-Pesquera;MAP011_2;Operaciones subacuáticas de obra hidráulica y voladura;2;En preparación;Esta cualificación no tiene ningún certificado profesional asociado;Técnico en Operaciones Subacuáticas e Hiperbáricas;;;;;;
Marítimo-Pesquera;MAP100_2;Engorde de moluscos bivalvos;2;En preparación;MAPU0109 Engorde de moluscos bivalvos;Técnicos en Cultivos Acuícolas;;;;;;
Marítimo-Pesquera;MAP101_2;Producción en criadero de acuicultura;2;En preparación;MAPU0110 Producción en criadero de acuicultura;Técnicos en Cultivos Acuícolas;;;;;;
Marítimo-Pesquera;MAP170_2;Operaciones en transporte marítimo y pesca de bajura;2;En preparación;MAPN0410 Operaciones en transporte marítimo y pesca de bajura;Esta cualificación no está incluida en ningún título de grado D;;;;;;
Marítimo-Pesquera;MAP171_2;Navegación en aguas interiores y próximas a la costa;2;En preparación;MAPN0510 Navegación en aguas interiores y próximas a la costa;Técnico en Navegación y Pesca de Litoral / Técnico en Operaciones Subacuáticas e Hiperbáricas;;;;;;
Marítimo-Pesquera;MAP231_2;Pesca local;2;En preparación;Esta cualificación no tiene ningún certificado profesional asociado;Técnico en Navegación y Pesca de Litoral;;;;;;
Marítimo-Pesquera;MAP495_2;Mantenimiento de instalaciones en acuicultura;2;En preparación;MAPU0112 Mantenimiento de instalaciones en acuicultura;Esta cualificación no está incluida en ningún título de grado D;;;;;;
Marítimo-Pesquera;MAP573_2;Mantenimiento de los equipos de un parque de pesca y de la instalación frigorífica;2;En preparación;MAPN0612 Mantenimiento de los equipos de un parque de pesca y de la instalación frigorífica;Técnico en Mantenimiento y Control de la Maquinaria de Buques y Embarcaciones;;;;;;
Marítimo-Pesquera;MAP591_2;Navegación y pesca marítima;2;En preparación;Esta cualificación no tiene ningún certificado profesional asociado;Técnico en Navegación y Pesca de Litoral;;;;;;
Marítimo-Pesquera;MAP592_2;Operaciones de control del funcionamiento y mantenimiento de la planta propulsora, máquinas y equipos auxiliares del buque;2;En preparación;Esta cualificación no tiene ningún certificado profesional asociado;Técnico en Mantenimiento y Control de la Maquinaria de Buques y Embarcaciones;;;;;
Marítimo-Pesquera;MAP232_3;Gestión de la producción de criadero en acuicultura;3;En preparación;MAPU0111 Gestión de la producción de criadero en acuicultura;Técnico Superior en Acuicultura;;;;;;
Marítimo-Pesquera;MAP233_3;Gestión de la producción de engorde en acuicultura;3;En preparación;MAPU0210 Gestión de la producción de engorde en acuicultura;Técnico Superior en Acuicultura;;;;;;
Marítimo-Pesquera;MAP234_3;Navegación, transporte marítimo y actividades pesqueras;3;En preparación;Esta cualificación no tiene ningún certificado profesional asociado;Técnico Superior en Transporte Marítimo y Pesca de Altura;;;;;
Marítimo-Pesquera;MAP594_3;Control del funcionamiento y supervisión del mantenimiento de la planta propulsora, máquinas y equipos auxiliares del buque;3;En preparación;Esta cualificación no tiene ningún certificado profesional asociado;Técnico Superior en Organización del Mantenimiento y Control de Maquinaria de Buques y Embarcaciones;;;;;
Química;QUI110_2;Operaciones en instalaciones de energía y de servicios auxiliares;2;En preparación;QUIE0208 Operaciones en instalaciones de energía y de servicios auxiliares;Técnico en Operaciones de Laboratorio / Técnico en Planta Química;;;;;;
Química;QUI475_2;Operaciones de movimientos y entrega de productos en la industria química;2;En preparación;QUIE0408 Operaciones de movimientos y entrega de productos en la industria química;Técnico en Operaciones de Laboratorio;;;;;;
Química;QUI020_3;Ensayos Microbiológicos y Biotecnológicos;3;En preparación;QUIA0208 Ensayos microbiológicos y biotecnológicos;Técnico Superior en Laboratorio de Análisis y de Control de Calidad / Técnico Superior en Anatomía Patológica y Citodiagnóstico / Técnico Superior en Laboratorio Clínico y Biomédico;;;;;;
Química;QUI021_3;Ensayos Físicos y Fisicoquímicos;3;En preparación;QUIA0108 Ensayos físicos y fisicoquímicos;Técnico Superior en Laboratorio de Análisis y de Control de Calidad;;;;;;
Química;QUI117_3;Análisis Químico;3;En preparación;QUIL0108 Análisis químico;Técnico Superior en Laboratorio de Análisis y de Control de Calidad;;;;;;
Química;QUI181_3;Organización y control de procesos de química básica;3;En preparación;QUIB0108 Gestión y control de planta química;Técnico Superior en Química Industrial;;;;;;
Química;QUI247_3;Organización y control de los procesos de química transformadora;3;En preparación;QUIE0109 Organización y control de los procesos de química transformadora;Técnico Superior en Química Industrial;;;;;;
Química;QUI480_3;Organización y control de procesos y realización de servicios biotecnológicos.;3;En preparación;QUIE0111 Organización y control de procesos y realización de servicios biotecnológicos;Técnico Superior en Fabricación de Productos Farmacéuticos; Biotecnológicos y Afines;;;;;
Química;QUI778_3;Control de la fabricación de productos farmacéuticos y afines;3;En preparación;Esta cualificación no tiene ningún certificado profesional asociado;Técnico Superior en Fabricación de Productos Farmacéuticos; Biotecnológicos y Afines;;;;;
Seguridad y Medio Ambiente;SEA406_1;Limpieza en espacios abiertos e instalaciones industriales;1;Activo;SEAG0209 Limpieza en espacios abiertos e instalaciones industriales;Esta cualificación no está incluida en ningún título de grado D;;;;;;
Seguridad y Medio Ambiente;SEA702_1;Acopio, clasificación y almacenamiento inicial de residuos;1;En preparación;Esta cualificación no tiene ningún certificado profesional asociado;Esta cualificación no está incluida en ningún título de grado D;;;;;
Seguridad y Medio Ambiente;SEA026_2;Operación de estaciones de tratamiento de aguas;2;Activo;SEAG0210 Operación de estaciones de tratamiento de aguas;Técnico en Redes y Estaciones de Tratamiento de Aguas;;;;;;
Seguridad y Medio Ambiente;SEA027_2;Gestión de residuos;2;En preparación;SEAG0108 Gestión de residuos urbanos e industriales;Esta cualificación no está incluida en ningún título de grado D;;;;;;
Seguridad y Medio Ambiente;SEA028_2;Servicios de control de plagas/organismos nocivos;2;Activo;SEAG0110 Servicios para el control de plagas;Esta cualificación no está incluida en ningún título de grado D;;;;;;
Seguridad y Medio Ambiente;SEA029_2;Vigilancia y seguridad privada;2;Activo;SEAD0112 Vigilancia; seguridad privada y protección de personas / SEAD0212 Vigilancia; seguridad privada y protección de explosivos;Técnico en Seguridad;;;;
Seguridad y Medio Ambiente;SEA130_2;Guarderío rural, cinegético y marítimo;2;En preparación;Esta cualificación no tiene ningún certificado profesional asociado;Técnico en Seguridad;;;;;
Seguridad y Medio Ambiente;SEA492_2;Mantenimiento higiénico-sanitario de instalaciones susceptibles de proliferación de Legionella y otros organismos nocivos y su diseminación por aerosolización;2;Activo;SEAG0212 Mantenimiento higiénico-sanitario de instalaciones susceptibles de proliferación de microorganismos nocivos y su diseminación por aerosolización;Esta cualificación no está incluida en ningún título de grado D;;;;;;
Seguridad y Medio Ambiente;SEA531_2;Adiestramiento de base y educación canina;2;En preparación;SEAD0412 Adiestramiento de base y educación canina;Esta cualificación no está incluida en ningún título de grado D;;;;;;
Seguridad y Medio Ambiente;SEA595_2;Operaciones de vigilancia y extinción de incendios forestales y apoyo a contingencias en el medio natural y rural;2;Activo;SEAD0411 Operaciones de vigilancia y extinción de incendios forestales y apoyo a contingencias en el medio natural y rural;Esta cualificación no está incluida en ningún título de grado D;;;;;;
Seguridad y Medio Ambiente;SEA676_2;Prevención, extinción de incendios y salvamento;2;Activo;Esta cualificación no tiene ningún certificado profesional asociado;Esta cualificación no está incluida en ningún título de grado D;;;;;
Seguridad y Medio Ambiente;SEA757_2;Mantenimiento de piscinas y otras instalaciones acuáticas;2;En preparación;Esta cualificación no tiene ningún certificado profesional asociado;Esta cualificación no está incluida en ningún título de grado D;;;;;;
Seguridad y Medio Ambiente;SEA030_3;Control y protección del medio natural;3;En preparación;SEAG0309 Control y protección del medio natural;Técnico Superior en Educación y Control Ambiental / Técnico Superior en Gestión Forestal y del Medio Natural;;;;;;
Seguridad y Medio Ambiente;SEA251_3;Gestión de servicios para el control de organismos nocivos;3;Activo;SEAG0311 Gestión de servicios para el control de organismos nocivos;Esta cualificación no está incluida en ningún título de grado D;;;;;;
Seguridad y Medio Ambiente;SEA252_3;Sensibilización y educación ambiental;3;Activo;SEAG0109 Interpretación y educación ambiental;Técnico Superior en Educación y Control Ambiental;;;;;;
Seguridad y Medio Ambiente;SEA493_3;Control de la contaminación atmosférica;3;En preparación;SEAG0111 Control de la contaminación atmosférica;Esta cualificación no está incluida en ningún título de grado D;;;;;;
Seguridad y Medio Ambiente;SEA536_3;Gestión y coordinación en protección civil y emergencias;3;En preparación;SEAD0311 Gestión y coordinación en protección civil y emergencias;Técnico Superior en Coordinación de Emergencias y Protección Civil;;;;;;
Seguridad y Medio Ambiente;SEA596_3;Coordinación de operaciones en incendios forestales y apoyo a contingencias en el medio natural y rural;3;En preparación;SEAD0511 Coordinación de operaciones en incendios forestales y apoyo a contingencias en el medio natural y rural;Técnico Superior en Coordinación de Emergencias y Protección Civil;;;;;;
Seguridad y Medio Ambiente;SEA597_3;Gestión ambiental;3;En preparación;SEAG0211 Gestión ambiental;Técnico Superior en Química y Salud Ambiental;;;;;;
Seguridad y Medio Ambiente;SEA647_3;Teleoperaciones de atención, gestión y coordinación de emergencias;3;Activo;SEAD0312 Teleoperaciones de atención; gestión y coordinación de emergencias;Esta cualificación no está incluida en ningún título de grado D;;;;
Servicios Socioculturales y a la Comunidad;SSC319_1;Limpieza de superficies y mobiliario en edificios y local;1;Activo;SSCM0108 Limpieza de superficies y mobiliario en edificios y locales;Técnico Básico en Actividades Domésticas y Limpieza de edificios;;;;;;
Servicios Socioculturales y a la Comunidad;SSC413_1;Empleo doméstico;1;En preparación;SSCI0109 Empleo doméstico;Técnico Básico en Actividades Domésticas y Limpieza de edificios;;;;;;
Servicios Socioculturales y a la Comunidad;SSC089_2;Atención sociosanitaria a personas en situación de dependencia y/o con discapacidad en el domicilio;2;Activo;SSCS0108 Atención sociosanitaria a personas en el domicilio;Técnico en Atención a Personas en Situación de Dependencia;;;;;;
Servicios Socioculturales y a la Comunidad;SSC320_2;Atención sociosanitaria a personas en situación de dependencia y/o con discapacidad en instituciones sociales;2;Activo;SSCS0208 Atención sociosanitaria a personas dependientes en instituciones sociales;Técnico en Atención a Personas en Situación de Dependencia;;;;;;
Servicios Socioculturales y a la Comunidad;SSC443_2;Gestión de teleasistencia domiciliaria;2;En preparación;SSCG0111 Gestión de llamadas de teleasistencia;Técnico en Atención a Personas en Situación de Dependencia;;;;;;
Servicios Socioculturales y a la Comunidad;SSC564_2;Dinamización de actividades de tiempo libre educativo infantil y juvenil;2;Activo;SSCB0209 Dinamización de actividades de tiempo libre educativo infantil y juvenil;Técnico en Guía en el medio natural y de tiempo libre;;;;;;
Servicios Socioculturales y a la Comunidad;SSC090_3;Educación de habilidades de autonomía personal y social;3;Activo;Esta cualificación no tiene ningún certificado profesional asociado;Técnico Superior en Integración Social / Técnico Superior en Mediación Comunicativa;;;;;;
Servicios Socioculturales y a la Comunidad;SSC321_3;Dinamización comunitaria;3;Activo;SSCB0109 Dinamización comunitaria;Técnico Superior en Animación Sociocultural y Turística / Técnico Superior en Promoción de Igualdad de Género / Técnico Superior en Integración Social / Técnico Superior en Mediación Comunicativa;;;;;;
Servicios Socioculturales y a la Comunidad;SSC322_3;Educación infantil;3;Activo;Esta cualificación no tiene ningún certificado profesional asociado;Técnico Superior en Educación Infantil;;;;;;
Servicios Socioculturales y a la Comunidad;SSC323_3;Inserción laboral de personas con discapacidad;3;En preparación;SSCG0109 Inserción laboral de personas con discapacidad;Técnico Superior en Integración Social;;;;;;
Servicios Socioculturales y a la Comunidad;SSC324_3;Mediación comunitaria;3;En preparación;SSCG0209 Mediación comunitaria;Técnico Superior en Integración Social;;;;;;
Servicios Socioculturales y a la Comunidad;SSC444_3;Atención al alumnado con necesidades educativas especiales (ACNEE) en centros educativos;3;Activo;SSCE0112 Atención al alumnado con necesidades educativas especiales (ACNEE) en centros educativos;Técnico Superior en Integración Social;;;;;;
Servicios Socioculturales y a la Comunidad;SSC445_3;Dinamización, gestión de programaciones y desarrollo de acciones culturales;3;En preparación;SSCB0110 Dinamización; programación y desarrollo de acciones culturales;Técnico Superior en Animación Sociocultural y Turística;;;;
Servicios Socioculturales y a la Comunidad;SSC447_3;Mediación entre la persona sordociega y la comunidad;3;En preparación;SSCG0211 Mediación entre la persona sordociega y la comunidad;Técnico Superior en Mediación Comunicativa;;;;;;
Servicios Socioculturales y a la Comunidad;SSC448_3;Docencia de la formación para el empleo;3;Activo;SSCE0110 Habilitación para la Docencia en grados A; B y C del Sistema de Formación Profesional;Esta cualificación no está incluida en ningún título de grado D;;;;;
Servicios Socioculturales y a la Comunidad;SSC449_3;Promoción, desarrollo y participación de la comunidad sorda;3;En preparación;SSCG0112 Promoción y participación de la comunidad sorda;Técnico Superior en Mediación Comunicativa;;;;;
Servicios Socioculturales y a la Comunidad;SSC450_3;Promoción e intervención socioeducativa con personas con discapacidad;3;Activo;SSCE0111 Promoción e intervención socioeducativa con personas con discapacidad;Técnico Superior en Integración Social;;;;;;
Servicios Socioculturales y a la Comunidad;SSC451_3;Promoción para la igualdad efectiva de mujeres y hombres;3;En preparación;SSCE0212 Promoción para la igualdad efectiva de mujeres y hombres;Técnico Superior en Promoción de Igualdad de Género;;;;;;
Servicios Socioculturales y a la Comunidad;SSC565_3;Dirección y coordinación de proyectos de tiempo libre educativo infantil y juvenil;3;En preparación;SSCB0211 Dirección y coordinación de actividades de tiempo libre educativo infantil y juvenil;Técnico Superior en Enseñanza y Animación Sociodeportiva / Técnico Superior en Animación Sociocultural y Turística / Técnico Superior en Termalismo y Bienestar;;;;;;
Servicios Socioculturales y a la Comunidad;SSC566_3;Docencia de formación vial;3;En preparación;Esta cualificación no tiene ningún certificado profesional asociado;Técnico Superior en Formación para la movilidad segura y sostenible;;;;;;
Servicios Socioculturales y a la Comunidad;SSC567_3;Información juvenil;3;En preparación;SSCE0109 Información juvenil;Técnico Superior en Animación Sociocultural y Turística;;;;;;
Servicios Socioculturales y a la Comunidad;SSC611_3;Prestación de servicios bibliotecarios;3;En preparación;SSCB0111 Prestación de servicios bibliotecarios;Esta cualificación no está incluida en ningún título de grado D;;;;;;
Textil, Confección y Piel;TCP136_1;Operaciones auxiliares de tapizado de mobiliario y mural;1;En preparación;TCPF0209 Operaciones auxiliares de tapizado de mobiliario y mural;Técnico Básico en Tapicería y Cortinaje / Técnico en Carpintería y Mueble;;;;;
Textil, Confección y Piel;TCP138_1;Operaciones auxiliares de lavandería industrial y de proximidad;1;En preparación;TCPN0312 Operaciones auxiliares de lavandería industrial y de proximidad;Técnico Básico en Alojamiento y Lavandería;;;;;
Textil, Confección y Piel;TCP693_1;Operaciones básicas de confección.;1;En preparación;Esta cualificación no tiene ningún certificado profesional asociado;Técnico Básico en Tapicería y Cortinaje / Técnico Básico en Arreglo y Reparación de Artículos Textiles y de Piel;;;;;
Textil, Confección y Piel;TCP391_2;Confección de vestuario a medida en textil y piel;2;En preparación;TCPF0212 Confección de vestuario a medida en textil y piel;Técnico en Confección y Moda;;;;;
Textil, Confección y Piel;TCP694_2;Corte para confección.;2;En preparación;Esta cualificación no tiene ningún certificado profesional asociado;Técnico en Confección y Moda;;;;;
Textil, Confección y Piel;TCP695_2;Corte para calzado y marroquinería;2;En preparación;Esta cualificación no tiene ningún certificado profesional asociado;Esta cualificación no está incluida en ningún título de grado D;;;;;
Textil, Confección y Piel;TCP149_3;Gestión de producción y calidad en confección, calzado y marroquinería.;3;En preparación;Esta cualificación no tiene ningún certificado profesional asociado;Técnico Superior en Patronaje y Moda / Técnico Superior en Diseño de Producción de Calzado y Complementos;;;;
Textil, Confección y Piel;TCP150_3;Diseño técnico de productos de confección, calzado y marroquinería.;3;En preparación;Esta cualificación no tiene ningún certificado profesional asociado;Técnico Superior en Patronaje y Moda / Técnico Superior en Diseño Técnico en Textil y Piel / Técnico Superior en Diseño y Producción de Calzado y Complementos / Técnico Superior en Vestuario a Medida y de Espectáculos;;;;
Textil, Confección y Piel;TCP470_3;Realización de vestuario a medida en textil y piel;3;En preparación;Esta cualificación no tiene ningún certificado profesional asociado;Técnico Superior en Vestuario a Medida y de Espectáculos;;;;;
Textil, Confección y Piel;TCP471_3;Realización de vestuario para el espectáculo;3;En preparación;TCPF0912 Realización de vestuario para el espectáculo;Técnico Superior en Caracterización y Maquillaje Profesional / Técnico Superior en Vestuario a Medida y de Espectáculos;;;;;
Textil, Confección y Piel;TCP697_3;Patronaje para confección.;3;En preparación;Esta cualificación no tiene ningún certificado profesional asociado;Técnico Superior en Patronaje y moda;;;;;
Transporte y Mantenimiento de Vehículos;TMV194_1;Operaciones auxiliares de mantenimiento de carrocería de vehículos;1;En preparación;TMVL0109 Operaciones auxiliares de mantenimiento de carrocerías de vehículos;Técnico Básico en Mantenimiento de Vehículos;;;;;;
Transporte y Mantenimiento de Vehículos;TMV195_1;Operaciones auxiliares de mantenimiento en electromecánica de vehículos;1;Activo;TMVG0109 Operaciones auxiliares de mantenimiento en electromecánica de vehículos;Técnico Básico en Mantenimiento de Vehículos;;;;;;
Transporte y Mantenimiento de Vehículos;TMV452_1;Actividades auxiliares de mantenimiento de elementos estructuralesy de recubrimiento de superficies de embarcaciones deportivas y de recreo;1;En preparación;Esta cualificación no tiene ningún certificado profesional asociado;Técnico básico en Mantenimiento de Embarcaciones Deportivas y de Recreo;;;;;;
Transporte y Mantenimiento de Vehículos;TMV453_1;Operaciones auxiliares de mantenimiento de sistemas y equipos de embarcaciones deportivas y de recreo;1;En preparación;TMVU0110 Operaciones auxiliares de mantenimiento de sistemas y equipos de embarcaciones deportivas y de recreo;Técnico básico en Mantenimiento de Embarcaciones Deportivas y de Recreo;;;;;;
Transporte y Mantenimiento de Vehículos;TMV044_2;Pintura de vehículos;2;Activo;TMVL0509 Pintura de vehículos;Técnico en Carrocería / Técnico en Montaje de Estructuras e Instalación de Sistemas Aeronáuticos;;;;;;
Transporte y Mantenimiento de Vehículos;TMV045_2;Mantenimiento de estructuras de carrocerías de vehículos;2;Activo;TMVL0309 Mantenimiento de estructuras de carrocerías de vehículos;Técnico en Carrocería;;;;;;
Transporte y Mantenimiento de Vehículos;TMV046_2;Mantenimiento de elementos no estructurales de carrocerías de vehículos;2;Activo;TMVL0209 Mantenimiento de elementos no estructurales de carrocerías de vehículos;Técnico en Carrocería;;;;;;
Transporte y Mantenimiento de Vehículos;TMV047_2;Mantenimiento de sistemas de transmisión de fuerza y trenes de rodaje de vehículos automóviles;2;Activo;TMVG0309 Mantenimiento de sistemas de transmisión de fuerza y trenes de rodaje de vehículos automóviles;Técnico en Electromecánica de Vehículos Automóviles;;;;;;
Transporte y Mantenimiento de Vehículos;TMV048_2;Mantenimiento del motor y sus sistemas auxiliares;2;Activo;TMVG0409 Mantenimiento del motor y sus sistemas auxiliares;Técnico en Electromecánica de Vehículos Automóviles;;;;;;
Transporte y Mantenimiento de Vehículos;TMV197_2;Mantenimiento de los sistemas eléctricos y electrónicos de vehículos;2;Activo;TMVG0209 Mantenimiento de los sistemas eléctricos y electrónicos de vehículos;Técnico en Electromecánica de Vehículos Automóviles;;;;;;
Transporte y Mantenimiento de Vehículos;TMV198_2;Mantenimiento de los sistemas mecánicos de material rodante ferroviario;2;En preparación;TMVB0111 Mantenimiento de los sistemas mecánicos de material rodante ferroviario;Técnico en Mantenimiento de Material Rodante Ferroviario;;;;;;
Transporte y Mantenimiento de Vehículos;TMV199_2;Mantenimiento de sistemas eléctricos y electrónicos de material rodante ferroviario;2;En preparación;TMVB0211 Mantenimiento de sistemas eléctricos y electrónicos de material rodante ferroviario;Técnico en Mantenimiento de Material Rodante Ferroviario;;;;;;
Transporte y Mantenimiento de Vehículos;TMV265_2;Mantenimiento de sistemas de rodaje y transmisión de maquinaria agrícola de industrias extractivas y de edificación y obra civil; sus equipos y aperos;2;En preparación;TMVG0210 Mantenimiento de sistemas de rodaje y transmisión de maquinaria agrícola; de industrias extractivas y de edificación y obra civil; sus equipos y aperos;Técnico en Electromecánica de Maquinaria;;
Transporte y Mantenimiento de Vehículos;TMV266_2;Mantenimiento del motor y de los sistemas eléctricos de seguridad y confortabilidad de maquinaria agrícola; de industrias extractivas y de edificación y obra civil;2;Activo;TMVG0310 Mantenimiento del motor y de los sistemas eléctricos; de seguridad y confortabilidad de maquinaria agrícola; de industrias extractivas y de edificación y obra civil;Técnico en Electromecánica de Maquinaria / Técnico en Mantenimiento de Material Rodante Ferroviario ;;
Transporte y Mantenimiento de Vehículos;TMV454_2;Conducción de autobuses;2;Activo;TMVI0108 Conducción de autobuses;Esta cualificación no está incluida en ningún título de grado D;;;;;;
Transporte y Mantenimiento de Vehículos;TMV456_2;Conducción profesional de vehículos turismos y furgonetas;2;Activo;TMVI0112 Conducción profesional de vehículos turismos y furgonetas;Esta cualificación no está incluida en ningún título de grado D;;;;;;
Transporte y Mantenimiento de Vehículos;TMV554_2;Mantenimiento e instalación de sistemas eléctricos y electrónicos de embarcaciones deportivas y de recreo;2;En preparación;TMVU0212 Mantenimiento e instalación de sistemas eléctricos y electrónicos de embarcaciones deportivas y de recreo;Técnico en Mantenimiento y Control de la Maquinaria de Buques y Embarcaciones / Técnico en Mantenimiento de Embarcaciones de Recreo;;;;;;
Transporte y Mantenimiento de Vehículos;TMV555_2;Mantenimiento de la planta propulsora, máquinas y equipos auxiliares de embarcaciones deportivas y de recreo;2;En preparación;TMVU0112 Mantenimiento de la planta propulsora; máquinas y equipos auxiliares de embarcaciones deportivas;Técnico en Mantenimiento y Control de la Maquinaria de Buques y Embarcaciones / Técnico en Mantenimiento de Embarcaciones de Recreo;;;;
Transporte y Mantenimiento de Vehículos;TMV556_2;Operaciones de mantenimiento de elementos de madera de embarcaciones deportivas y de recreo;2;En preparación;TMVU0211 Operaciones de mantenimiento de elementos de madera de embarcaciones deportivas y de recreo;Esta cualificación no está incluida en ningún título de grado D;;;;;;
Transporte y Mantenimiento de Vehículos;TMV557_2;Pintura, reparación y construcción de elementos de plástico reforzado con fibra de embarcaciones deportivas y de recreo;2;En preparación;TMVU0111 Pintura; reparación y construcción de elementos de plástico reforzado con fibra de embarcaciones deportivas y de recreo;Esta cualificación no está incluida en ningún título de grado D;;;;
Transporte y Mantenimiento de Vehículos;TMV049_3;Planificación y control del área de carrocería;3;Activo;TMVL0609 Planificación y control del área de carrocería;Técnico Superior en Automoción;;;;;;
Transporte y Mantenimiento de Vehículos;TMV050_3;Planificación y control del área de electromecánica;3;Activo;TMVG0110 Planificación y control del área de electromecánica;Técnico Superior en Automoción;;;;;;
Transporte y Mantenimiento de Vehículos;TMV605_3;Organización y supervisión del mantenimiento de los sistemas y equipos de embarcaciones deportivas y de recreo;3;En preparación;TMVU0312 Organización y supervisión del mantenimiento de los sistemas y equipos de embarcaciones deportivas y de recreo;Técnico Superior en Organización del Mantenimiento y Control de Maquinaria de Buques y Embarcaciones;;;;;;
